{
  "project_info": {
    "project_number": "118434731730",
    "project_id": "geoatten",
    "storage_bucket": "geoatten.appspot.com"
  },
  "client": [
    {
      "client_info": {
        "mobilesdk_app_id": "1:118434731730:android:fb888e36ed30013e843f0b",
        "android_client_info": {
          "package_name": "com.plutecoder.geoattendance"
        }
      },
      "oauth_client": [],
      "api_key": [
        {
          "current_key": "AIzaSyAeR2RJJ42YRAiZ0v_mm9uuqw9nx7sOdPE"
        }
      ],
      "services": {
        "appinvite_service": {
          "other_platform_oauth_client": []
        }
      }
    }
  ],
  "configuration_version": "1"
}